;;;;
bewolkt. Doeken open. 4500 lux;;;;
;open;wit;transparant;open
w/m2;73;74;74;74
Name;#1;#2;#3;#4
Correction;UV;UV;UV;UV
Date;23-6-2016;23-6-2016;23-6-2016;23-6-2016
Time;10:16:50;10:17:01;10:17:26;10:17:35
Integration Time [ms];50,000;145,000;56,000;50,000
;;;;
Illuminance [lx];9,320E+03;1,165E+03;8,141E+03;9,359E+03
Irradiance [W/sqm]  (380-780nm);3,432E+01;4,593E+00;3,026E+01;3,465E+01
Correlated Colour Temp. (CCT) [K];3092;2925;3168;3124
Dominant Wavelength (DWl) [nm];585,8;583,0;585,4;585,7
Colour Purity (PE) [%];40,2;55,0;38,9;39,5
;;;;
Chromaticity Coordinates;;;;
x;0,4204;0,4428;0,4164;0,4186
y;0,3799;0,4067;0,3795;0,3795
u';0,2503;0,2532;0,2478;0,2493
v';0,5089;0,5233;0,5082;0,5085
;;;;
CIE XYZ;;;;
X;10313;1269;8932;10323
Y;9320;1165;8141;9359
Z;4900;431;4378;4981
;;;;
Colour Rendering Index;;;;
Reference Illuminant;Planckian radiator;Planckian radiator;Planckian radiator;Planckian radiator
CCT [K];3092;2925;3168;3124
R1;68,6;61,3;70,3;69,5
R2;90,2;83,5;90,6;90,6
R3;78,9;84,9;80,4;79,3
R4;62,8;56,6;65,3;63,9
R5;72,4;62,8;74,0;73,2
R6;89,2;79,0;89,6;89,6
R7;70,0;71,3;71,7;70,6
R8;36,4;30,8;39,7;37,8
R9;-36,5;-53,4;-30,9;-33,9
R10;84,4;68,6;84,8;85,0
R11;57,8;47,7;60,6;59,1
R12;89,6;67,4;89,7;89,9
R13;72,5;64,5;73,9;73,4
R14;87,3;90,5;88,2;87,6
R15;62,5;54,3;64,3;63,4
Ra;71,06;66,28;72,69;71,81
DC;8,1E-03;1,0E-03;7,7E-03;8,1E-03
;;;;
Photosynthetically Active Radiation;;;;
Begin Wavelength [nm];400;400;400;400
End Wavelength [nm];700;700;700;700
Ephot (Begin..End) [uMol/s sqm];1,4058E+02;1,6565E+01;1,2322E+02;1,4161E+02
Ephot (401..500nm) [uMol/s sqm];2,5135E+01;2,1240E+00;2,2448E+01;2,5586E+01
Ephot (501..600nm) [uMol/s sqm];5,8359E+01;7,3378E+00;5,1035E+01;5,8629E+01
Ephot (601..700nm) [uMol/s sqm];5,6948E+01;7,1028E+00;4,9617E+01;5,7250E+01
Ephot (701..800nm) [uMol/s sqm];3,2471E+01;9,4722E+00;2,9684E+01;3,3040E+01
;;;;
Circadian Metrics;;;;
Eec [W/sqm];6,362E+0;5,914E-1;5,672E+0;6,480E+0
acv;4,662E-1;3,466E-1;4,758E-1;4,729E-1
CCT [K];3092;2925;3168;3124
;;;;
LED Values;;;;
Peak Wavelength [nm];819,0;819,0;819,0;819,0
PEAK FWHM [nm];5,7;5,7;5,7;5,7
Centroid Wavelength [nm];631,4;703,0;631,9;631,5
;;;;
RGB Values;;;;
RGB Space;manual;manual;manual;manual
R;13756,5;1756,5;11789,1;13707,2
G;8417,7;1047,2;7400,5;8475,4
B;4861,9;424,5;4345,9;4943,0
;;;;
Ratio Values;;;;
Wavelength Range Dividend [nm];600 - 700;600 - 700;600 - 700;600 - 700
Wavelength Range Divisor [nm];701 - 800;701 - 800;701 - 800;701 - 800
Ratio Value;2,0954;0,8991;1,9957;2,0689
;;;;
Name of spectral function;2006-25-EG_80_B.csv;2006-25-EG_80_B.csv;2006-25-EG_80_B.csv;2006-25-EG_80_B.csv
Spectral operation;Multiplication;Multiplication;Multiplication;Multiplication
Integral Value [W/sqm];4,356E+00;3,705E-01;3,892E+00;4,430E+00
;;;;
;;;;
Wavelength [nm];Ee [W/(sqm*nm)];Ee [W/(sqm*nm)];Ee [W/(sqm*nm)];Ee [W/(sqm*nm)]
380;2,34628E-02;2,49030E-04;2,06343E-02;2,33082E-02
381;2,05564E-02;2,99979E-04;1,80667E-02;2,16162E-02
382;2,10028E-02;2,78721E-05;1,79829E-02;2,05853E-02
383;2,04686E-02;2,44035E-04;1,72069E-02;2,14288E-02
384;2,13166E-02;-3,45871E-05;1,72937E-02;1,98856E-02
385;2,36216E-02;1,53048E-04;1,87468E-02;2,18082E-02
386;2,27753E-02;2,61362E-04;1,79914E-02;2,20515E-02
387;2,37617E-02;1,42756E-05;2,12962E-02;2,51191E-02
388;2,34322E-02;-1,61116E-05;2,05617E-02;2,49144E-02
389;2,53451E-02;2,61154E-04;2,26315E-02;2,64641E-02
390;2,79958E-02;3,18691E-05;2,31011E-02;2,96218E-02
391;2,69992E-02;2,73321E-04;2,24421E-02;2,64847E-02
392;2,41634E-02;1,27466E-04;1,96579E-02;2,48452E-02
393;2,45721E-02;1,10974E-04;2,06487E-02;2,52114E-02
394;2,52692E-02;-1,29880E-05;2,08458E-02;2,58456E-02
395;2,43844E-02;-2,83321E-07;2,24444E-02;2,59190E-02
396;2,64521E-02;2,06507E-05;2,40969E-02;2,80890E-02
397;2,87607E-02;6,75721E-05;2,50783E-02;2,94542E-02
398;3,34649E-02;7,13762E-05;2,91860E-02;3,52893E-02
399;3,72876E-02;2,83687E-04;3,40971E-02;4,03190E-02
400;4,16073E-02;2,14090E-04;3,75844E-02;4,29892E-02
401;4,48252E-02;3,85010E-05;3,98401E-02;4,66876E-02
402;4,37996E-02;2,52253E-04;4,06513E-02;4,55563E-02
403;4,42568E-02;6,82010E-04;3,92426E-02;4,65757E-02
404;4,71378E-02;4,92933E-04;4,05933E-02;4,66664E-02
405;4,64951E-02;1,16514E-03;4,15340E-02;4,63114E-02
406;4,68574E-02;1,35408E-03;3,99721E-02;4,57815E-02
407;4,65777E-02;1,33871E-03;4,23417E-02;4,91997E-02
408;4,76495E-02;1,82363E-03;4,31070E-02;4,87078E-02
409;4,72672E-02;1,98959E-03;4,32176E-02;4,91774E-02
410;4,94543E-02;2,15031E-03;4,42876E-02;4,92630E-02
411;5,09813E-02;2,20033E-03;4,50558E-02;5,21590E-02
412;5,29945E-02;3,48773E-03;4,55983E-02;5,50573E-02
413;5,16646E-02;3,17802E-03;4,66841E-02;5,34519E-02
414;5,46505E-02;3,59632E-03;4,75677E-02;5,55032E-02
415;5,28672E-02;3,67158E-03;4,91118E-02;5,50903E-02
416;5,42345E-02;3,64938E-03;4,84254E-02;5,52912E-02
417;5,35384E-02;3,83586E-03;4,85343E-02;5,42811E-02
418;5,28145E-02;4,26409E-03;4,70441E-02;5,36486E-02
419;5,31330E-02;3,98025E-03;4,79707E-02;5,53955E-02
420;5,50693E-02;4,75247E-03;4,81252E-02;5,66602E-02
421;5,47840E-02;4,49808E-03;4,82388E-02;5,56751E-02
422;5,30426E-02;4,51373E-03;4,85230E-02;5,61439E-02
423;5,34196E-02;4,29710E-03;4,79397E-02;5,50898E-02
424;5,32238E-02;4,36741E-03;4,88707E-02;5,51758E-02
425;5,54570E-02;4,13925E-03;4,96648E-02;5,47427E-02
426;5,48319E-02;4,22774E-03;4,80941E-02;5,31197E-02
427;5,28539E-02;4,48352E-03;4,81256E-02;5,31005E-02
428;5,15175E-02;4,27990E-03;4,57485E-02;5,21178E-02
429;4,92446E-02;4,20909E-03;4,21652E-02;4,85023E-02
430;4,91939E-02;3,83105E-03;4,27714E-02;4,76070E-02
431;5,07461E-02;4,42552E-03;4,59784E-02;5,30579E-02
432;5,47041E-02;4,66942E-03;4,90921E-02;5,62979E-02
433;5,55947E-02;4,64852E-03;5,12535E-02;5,77748E-02
434;5,87864E-02;4,89596E-03;5,23541E-02;5,90383E-02
435;6,08482E-02;4,86650E-03;5,30910E-02;6,25291E-02
436;6,26725E-02;5,10686E-03;5,64521E-02;6,24583E-02
437;6,14969E-02;4,90695E-03;5,51941E-02;6,23753E-02
438;6,10714E-02;5,18485E-03;5,41772E-02;6,12005E-02
439;6,13851E-02;5,09305E-03;5,41402E-02;6,18907E-02
440;6,19742E-02;5,18051E-03;5,53662E-02;6,31397E-02
441;6,31745E-02;5,37978E-03;5,67530E-02;6,45514E-02
442;6,49920E-02;5,15480E-03;5,78418E-02;6,34121E-02
443;6,45038E-02;5,37926E-03;5,85266E-02;6,63027E-02
444;6,45856E-02;5,37949E-03;5,67173E-02;6,54547E-02
445;6,38529E-02;5,26398E-03;5,72986E-02;6,70777E-02
446;6,58958E-02;5,84102E-03;5,86967E-02;6,64294E-02
447;6,97825E-02;5,88296E-03;5,97297E-02;7,03326E-02
448;7,09934E-02;6,41291E-03;6,36892E-02;7,38067E-02
449;7,59473E-02;6,50181E-03;6,76153E-02;7,60019E-02
450;7,70486E-02;6,75535E-03;6,78541E-02;7,90855E-02
451;7,51656E-02;6,96738E-03;6,78223E-02;7,71960E-02
452;7,31803E-02;6,54772E-03;6,51128E-02;7,31657E-02
453;7,14402E-02;6,15220E-03;6,28373E-02;7,09146E-02
454;7,12548E-02;6,18330E-03;6,33988E-02;7,04696E-02
455;7,10404E-02;6,48365E-03;6,27193E-02;7,24084E-02
456;6,95644E-02;6,03955E-03;6,32810E-02;7,17099E-02
457;7,06613E-02;6,35969E-03;6,20329E-02;7,17749E-02
458;6,81241E-02;6,39041E-03;6,10606E-02;7,02939E-02
459;6,93861E-02;6,05641E-03;6,13391E-02;6,83712E-02
460;6,93656E-02;6,06059E-03;6,20343E-02;7,08122E-02
461;7,11126E-02;6,51706E-03;6,43570E-02;7,34012E-02
462;7,22826E-02;6,52174E-03;6,60743E-02;7,31402E-02
463;7,39541E-02;6,75518E-03;6,64744E-02;7,52488E-02
464;7,66399E-02;6,57458E-03;6,73984E-02;7,78706E-02
465;8,24474E-02;7,52635E-03;7,18075E-02;8,44231E-02
466;8,98320E-02;8,03541E-03;7,86654E-02;8,93355E-02
467;9,04550E-02;8,07373E-03;7,94763E-02;9,21028E-02
468;8,53426E-02;7,35321E-03;7,76705E-02;8,77020E-02
469;7,82225E-02;7,37868E-03;7,18750E-02;8,02582E-02
470;7,52735E-02;7,01339E-03;6,72463E-02;7,60038E-02
471;7,13647E-02;6,57858E-03;6,54198E-02;7,25049E-02
472;7,09036E-02;6,74700E-03;6,46658E-02;7,09353E-02
473;7,11628E-02;6,64509E-03;6,38623E-02;7,43020E-02
474;7,24794E-02;7,16290E-03;6,61120E-02;7,30822E-02
475;7,18379E-02;6,60715E-03;6,49860E-02;7,22973E-02
476;6,91639E-02;6,39667E-03;6,37614E-02;7,36829E-02
477;6,80032E-02;6,30452E-03;6,23608E-02;7,02098E-02
478;6,74116E-02;6,30149E-03;6,02045E-02;6,96371E-02
479;6,83715E-02;6,17710E-03;6,20136E-02;6,96349E-02
480;6,81794E-02;6,36479E-03;6,03348E-02;7,08275E-02
481;6,92106E-02;6,52234E-03;6,20512E-02;7,14351E-02
482;6,89300E-02;6,42875E-03;6,09436E-02;6,99338E-02
483;6,80285E-02;6,34139E-03;6,07120E-02;6,88515E-02
484;6,50004E-02;5,99843E-03;5,85710E-02;6,57975E-02
485;6,19409E-02;5,86987E-03;5,63347E-02;6,37233E-02
486;6,14102E-02;5,67556E-03;5,48711E-02;6,26908E-02
487;6,15310E-02;5,88547E-03;5,54438E-02;6,28224E-02
488;6,56387E-02;6,04997E-03;5,86245E-02;6,54815E-02
489;6,71183E-02;6,45737E-03;6,06587E-02;6,94347E-02
490;6,85785E-02;6,61170E-03;6,16601E-02;6,94759E-02
491;6,80195E-02;6,68661E-03;6,35463E-02;6,97277E-02
492;6,92464E-02;6,60707E-03;6,18516E-02;6,98404E-02
493;6,91138E-02;6,63325E-03;6,21156E-02;7,13395E-02
494;7,20639E-02;6,99439E-03;6,48506E-02;7,54599E-02
495;8,12358E-02;7,84024E-03;7,24964E-02;8,22621E-02
496;1,01582E-01;9,94627E-03;9,07356E-02;1,04781E-01
497;1,28205E-01;1,25816E-02;1,12201E-01;1,29970E-01
498;1,36930E-01;1,32295E-02;1,18475E-01;1,37630E-01
499;1,23015E-01;1,22640E-02;1,07118E-01;1,23171E-01
500;9,61034E-02;9,28770E-03;8,40619E-02;9,74573E-02
501;7,78854E-02;7,59410E-03;6,84413E-02;7,80824E-02
502;6,92064E-02;7,09395E-03;6,24949E-02;7,15143E-02
503;6,68657E-02;6,55476E-03;6,14302E-02;6,74721E-02
504;6,60087E-02;6,63898E-03;5,94428E-02;6,84033E-02
505;6,68997E-02;6,86251E-03;6,01466E-02;6,67204E-02
506;6,68649E-02;6,73798E-03;6,06319E-02;6,81860E-02
507;6,62213E-02;6,81198E-03;6,09530E-02;6,80045E-02
508;6,55236E-02;6,80044E-03;5,93648E-02;6,76946E-02
509;6,53758E-02;7,16257E-03;5,94270E-02;6,81838E-02
510;6,65050E-02;7,08330E-03;6,06302E-02;6,88358E-02
511;6,70577E-02;7,14635E-03;6,06735E-02;6,90031E-02
512;6,68958E-02;7,10794E-03;6,07259E-02;6,87156E-02
513;7,16129E-02;7,66972E-03;6,44270E-02;7,31016E-02
514;7,89706E-02;8,72554E-03;7,04864E-02;8,00669E-02
515;8,00128E-02;8,51258E-03;7,18524E-02;7,96249E-02
516;7,37950E-02;7,95066E-03;6,76500E-02;7,54334E-02
517;6,58539E-02;7,24426E-03;6,00002E-02;6,71064E-02
518;6,24569E-02;6,78543E-03;5,74312E-02;6,41879E-02
519;6,37341E-02;7,31800E-03;5,89765E-02;6,36135E-02
520;6,42822E-02;7,48832E-03;5,89710E-02;6,64085E-02
521;6,69564E-02;7,83966E-03;6,00189E-02;6,68846E-02
522;6,63176E-02;7,76452E-03;6,07456E-02;6,75835E-02
523;6,62206E-02;8,01654E-03;6,10614E-02;6,82604E-02
524;6,59782E-02;7,95736E-03;6,01493E-02;6,80670E-02
525;6,60110E-02;7,88976E-03;5,99410E-02;6,74890E-02
526;6,52316E-02;7,98379E-03;5,98016E-02;6,61404E-02
527;6,63104E-02;7,96202E-03;5,97946E-02;6,69642E-02
528;6,73211E-02;8,38721E-03;6,10775E-02;6,75972E-02
529;6,86532E-02;8,50705E-03;6,28109E-02;6,99914E-02
530;6,89383E-02;8,58405E-03;6,30874E-02;7,14233E-02
531;6,86504E-02;8,76464E-03;6,15057E-02;7,05720E-02
532;6,79558E-02;8,71036E-03;6,23351E-02;7,07533E-02
533;6,71538E-02;8,58091E-03;6,08230E-02;6,87712E-02
534;6,91438E-02;8,89158E-03;6,24407E-02;7,12097E-02
535;6,84110E-02;8,98382E-03;6,30353E-02;6,98066E-02
536;6,84817E-02;9,06400E-03;6,31565E-02;7,19388E-02
537;6,81803E-02;8,71990E-03;6,32840E-02;7,07790E-02
538;6,71755E-02;8,91272E-03;6,28252E-02;6,93699E-02
539;6,76284E-02;9,10263E-03;6,07628E-02;6,90539E-02
540;6,62053E-02;8,84537E-03;6,07333E-02;6,82659E-02
541;6,72699E-02;8,64587E-03;6,13800E-02;6,94891E-02
542;6,75833E-02;9,06776E-03;6,25095E-02;6,99661E-02
543;6,88849E-02;9,05878E-03;6,22687E-02;6,98636E-02
544;6,99976E-02;9,00505E-03;6,38428E-02;7,23470E-02
545;7,17318E-02;9,45174E-03;6,52931E-02;7,37132E-02
546;7,19040E-02;9,67979E-03;6,62497E-02;7,50801E-02
547;7,38541E-02;1,01592E-02;6,80845E-02;7,50465E-02
548;7,52566E-02;1,02029E-02;6,87046E-02;7,64000E-02
549;7,98016E-02;1,06993E-02;7,09524E-02;7,96547E-02
550;8,36425E-02;1,10252E-02;7,41779E-02;8,36185E-02
551;8,62207E-02;1,17532E-02;7,78894E-02;8,70131E-02
552;8,83645E-02;1,19783E-02;8,04049E-02;8,96912E-02
553;9,25840E-02;1,22668E-02;8,28627E-02;9,26772E-02
554;9,63136E-02;1,26785E-02;8,62237E-02;9,79579E-02
555;1,02067E-01;1,39054E-02;8,97537E-02;1,05132E-01
556;1,11687E-01;1,49722E-02;9,89612E-02;1,11617E-01
557;1,21657E-01;1,60365E-02;1,08804E-01;1,22632E-01
558;1,32578E-01;1,79740E-02;1,16651E-01;1,34193E-01
559;1,41137E-01;1,89311E-02;1,22490E-01;1,42883E-01
560;1,47255E-01;1,97598E-02;1,27884E-01;1,46870E-01
561;1,48315E-01;2,00729E-02;1,30591E-01;1,49357E-01
562;1,49388E-01;1,97790E-02;1,30543E-01;1,49026E-01
563;1,50670E-01;2,01289E-02;1,31302E-01;1,50892E-01
564;1,55429E-01;2,06675E-02;1,35964E-01;1,55203E-01
565;1,70970E-01;2,22512E-02;1,48337E-01;1,69635E-01
566;2,12492E-01;2,75710E-02;1,83170E-01;2,10216E-01
567;2,73461E-01;3,56767E-02;2,35837E-01;2,71344E-01
568;3,08670E-01;4,04824E-02;2,63121E-01;3,07193E-01
569;3,00757E-01;3,90119E-02;2,57726E-01;3,01544E-01
570;2,52289E-01;3,25836E-02;2,14141E-01;2,48634E-01
571;2,00249E-01;2,54076E-02;1,73178E-01;1,99909E-01
572;1,75817E-01;2,26631E-02;1,51747E-01;1,75103E-01
573;1,66096E-01;2,11735E-02;1,43606E-01;1,64986E-01
574;1,66392E-01;2,08532E-02;1,44757E-01;1,65011E-01
575;1,69214E-01;2,16357E-02;1,47167E-01;1,68244E-01
576;1,76385E-01;2,24469E-02;1,52015E-01;1,75551E-01
577;1,83311E-01;2,35399E-02;1,57969E-01;1,82242E-01
578;1,93029E-01;2,41509E-02;1,65046E-01;1,92482E-01
579;2,02586E-01;2,56945E-02;1,74377E-01;2,04121E-01
580;2,15697E-01;2,72186E-02;1,85765E-01;2,14943E-01
581;2,29307E-01;2,85594E-02;1,95851E-01;2,28195E-01
582;2,43459E-01;3,03533E-02;2,06489E-01;2,41256E-01
583;2,51844E-01;3,12539E-02;2,16886E-01;2,51040E-01
584;2,47984E-01;3,13262E-02;2,12425E-01;2,46228E-01
585;2,24373E-01;2,79068E-02;1,92512E-01;2,24600E-01
586;1,80657E-01;2,25034E-02;1,53513E-01;1,80100E-01
587;1,28097E-01;1,60236E-02;1,09766E-01;1,27473E-01
588;8,59678E-02;1,08085E-02;7,55412E-02;8,71640E-02
589;6,79578E-02;8,69567E-03;6,09761E-02;7,03848E-02
590;7,27329E-02;9,26319E-03;6,53077E-02;7,39337E-02
591;9,96357E-02;1,26127E-02;8,61882E-02;1,01059E-01
592;1,41066E-01;1,73661E-02;1,20014E-01;1,39637E-01
593;1,84026E-01;2,30932E-02;1,57599E-01;1,85519E-01
594;2,20979E-01;2,73175E-02;1,86081E-01;2,21014E-01
595;2,41978E-01;2,99372E-02;2,05187E-01;2,39952E-01
596;2,51654E-01;3,13609E-02;2,14461E-01;2,50263E-01
597;2,55160E-01;3,17636E-02;2,16311E-01;2,51987E-01
598;2,49245E-01;3,16971E-02;2,14036E-01;2,50334E-01
599;2,45183E-01;3,02990E-02;2,09322E-01;2,45077E-01
600;2,40221E-01;2,98490E-02;2,03862E-01;2,36772E-01
601;2,30856E-01;2,91445E-02;1,98254E-01;2,30136E-01
602;2,24474E-01;2,85540E-02;1,92261E-01;2,24686E-01
603;2,19902E-01;2,73221E-02;1,87126E-01;2,16846E-01
604;2,10136E-01;2,63808E-02;1,80365E-01;2,10169E-01
605;2,03372E-01;2,56510E-02;1,73961E-01;2,02191E-01
606;1,97302E-01;2,45839E-02;1,69095E-01;1,95910E-01
607;1,90591E-01;2,39486E-02;1,63820E-01;1,89467E-01
608;1,84079E-01;2,29604E-02;1,57963E-01;1,82368E-01
609;1,76091E-01;2,21191E-02;1,52806E-01;1,77004E-01
610;1,71620E-01;2,14453E-02;1,49541E-01;1,72636E-01
611;1,66692E-01;2,09351E-02;1,43297E-01;1,65370E-01
612;1,63478E-01;2,02224E-02;1,41452E-01;1,62915E-01
613;1,68025E-01;2,07355E-02;1,44273E-01;1,67523E-01
614;1,83103E-01;2,28279E-02;1,56764E-01;1,83855E-01
615;1,95861E-01;2,44530E-02;1,68170E-01;1,95327E-01
616;1,91527E-01;2,38896E-02;1,65259E-01;1,89805E-01
617;1,72773E-01;2,14636E-02;1,48984E-01;1,72887E-01
618;1,53410E-01;1,90517E-02;1,32057E-01;1,52235E-01
619;1,42387E-01;1,73383E-02;1,22379E-01;1,41193E-01
620;1,37538E-01;1,69365E-02;1,19084E-01;1,36070E-01
621;1,32313E-01;1,62620E-02;1,14158E-01;1,32685E-01
622;1,28940E-01;1,59573E-02;1,12515E-01;1,31398E-01
623;1,25962E-01;1,57035E-02;1,08732E-01;1,27563E-01
624;1,24791E-01;1,55637E-02;1,08072E-01;1,25228E-01
625;1,20708E-01;1,48418E-02;1,05553E-01;1,21542E-01
626;1,19794E-01;1,45260E-02;1,02703E-01;1,18112E-01
627;1,15818E-01;1,45024E-02;1,00353E-01;1,17655E-01
628;1,14810E-01;1,41361E-02;9,89664E-02;1,14332E-01
629;1,12312E-01;1,40716E-02;9,83253E-02;1,12676E-01
630;1,10638E-01;1,36776E-02;9,66234E-02;1,11897E-01
631;1,11710E-01;1,38855E-02;9,60612E-02;1,10606E-01
632;1,08338E-01;1,36204E-02;9,51040E-02;1,10068E-01
633;1,07372E-01;1,34404E-02;9,37611E-02;1,07662E-01
634;1,07499E-01;1,32860E-02;9,16057E-02;1,07655E-01
635;1,07012E-01;1,32822E-02;9,25530E-02;1,05870E-01
636;1,05753E-01;1,30065E-02;9,20625E-02;1,07017E-01
637;1,04597E-01;1,32461E-02;9,16539E-02;1,06323E-01
638;1,02827E-01;1,27738E-02;9,08271E-02;1,04542E-01
639;1,01309E-01;1,26027E-02;9,00582E-02;1,02575E-01
640;1,01766E-01;1,23211E-02;8,88758E-02;1,02366E-01
641;1,00017E-01;1,24889E-02;8,76696E-02;1,00864E-01
642;9,85740E-02;1,24316E-02;8,77733E-02;1,00608E-01
643;9,79508E-02;1,22475E-02;8,54774E-02;9,89021E-02
644;9,73928E-02;1,17054E-02;8,41362E-02;9,75178E-02
645;9,47017E-02;1,16139E-02;8,28229E-02;9,47586E-02
646;9,19089E-02;1,11559E-02;8,06813E-02;9,20829E-02
647;9,08824E-02;1,09196E-02;7,81758E-02;9,05292E-02
648;8,94040E-02;1,08514E-02;7,75875E-02;8,87954E-02
649;8,73202E-02;1,05336E-02;7,63817E-02;8,84568E-02
650;8,80223E-02;1,09507E-02;7,65051E-02;8,80337E-02
651;8,71505E-02;1,05554E-02;7,68052E-02;8,82120E-02
652;8,71799E-02;1,05975E-02;7,73157E-02;8,86703E-02
653;8,61435E-02;1,05488E-02;7,59244E-02;8,58650E-02
654;8,56440E-02;1,02806E-02;7,49248E-02;8,57573E-02
655;8,35273E-02;1,01588E-02;7,30102E-02;8,43356E-02
656;8,45840E-02;1,02120E-02;7,35449E-02;8,42469E-02
657;8,30743E-02;1,01217E-02;7,38252E-02;8,48420E-02
658;8,59424E-02;1,02675E-02;7,49243E-02;8,55272E-02
659;8,58004E-02;1,03262E-02;7,50170E-02;8,65828E-02
660;8,46178E-02;1,03558E-02;7,52508E-02;8,60944E-02
661;8,53031E-02;1,06225E-02;7,59262E-02;8,66474E-02
662;8,53404E-02;1,02796E-02;7,45591E-02;8,61808E-02
663;8,48705E-02;1,01754E-02;7,39709E-02;8,60779E-02
664;8,39918E-02;1,01787E-02;7,40320E-02;8,56952E-02
665;8,50267E-02;1,02303E-02;7,44777E-02;8,58803E-02
666;8,48327E-02;1,03575E-02;7,42720E-02;8,40670E-02
667;8,46207E-02;1,02511E-02;7,46708E-02;8,69917E-02
668;8,56023E-02;1,01805E-02;7,45700E-02;8,61436E-02
669;8,49815E-02;1,02941E-02;7,54648E-02;8,67706E-02
670;8,55390E-02;1,02045E-02;7,54481E-02;8,73160E-02
671;8,58152E-02;1,04604E-02;7,50007E-02;8,59594E-02
672;8,48201E-02;1,01805E-02;7,35901E-02;8,71385E-02
673;8,51321E-02;1,01472E-02;7,43455E-02;8,56536E-02
674;8,40070E-02;9,97448E-03;7,30705E-02;8,57013E-02
675;8,35504E-02;1,00809E-02;7,22529E-02;8,36546E-02
676;8,19756E-02;9,93090E-03;7,16272E-02;8,21077E-02
677;8,00429E-02;1,00613E-02;7,12866E-02;8,19298E-02
678;8,01144E-02;9,65104E-03;7,05785E-02;7,91186E-02
679;7,77112E-02;9,72096E-03;6,89193E-02;7,86618E-02
680;7,72073E-02;9,56418E-03;6,81567E-02;7,76860E-02
681;7,46864E-02;9,21562E-03;6,68892E-02;7,79711E-02
682;7,46559E-02;9,43201E-03;6,54334E-02;7,51122E-02
683;7,35993E-02;8,98851E-03;6,45323E-02;7,51674E-02
684;7,11281E-02;8,83444E-03;6,25300E-02;7,18765E-02
685;6,69807E-02;8,13421E-03;5,88073E-02;6,78486E-02
686;6,16966E-02;7,69866E-03;5,51148E-02;6,34604E-02
687;5,84674E-02;7,43154E-03;5,19973E-02;5,98765E-02
688;5,76331E-02;7,37174E-03;5,08211E-02;5,87323E-02
689;5,81564E-02;7,43895E-03;5,17127E-02;5,97780E-02
690;5,99769E-02;7,77034E-03;5,31172E-02;6,08809E-02
691;5,96828E-02;7,89853E-03;5,30042E-02;6,06769E-02
692;5,82332E-02;7,82348E-03;5,20868E-02;6,00242E-02
693;5,86773E-02;7,87722E-03;5,17085E-02;5,88078E-02
694;5,70971E-02;7,97474E-03;5,06945E-02;5,79953E-02
695;5,90478E-02;8,35563E-03;5,31175E-02;6,05622E-02
696;5,99323E-02;8,57581E-03;5,40674E-02;6,04041E-02
697;6,00938E-02;8,91533E-03;5,45934E-02;6,15196E-02
698;5,92790E-02;8,99107E-03;5,33469E-02;6,06097E-02
699;5,77043E-02;8,76115E-03;5,18679E-02;5,86682E-02
700;5,73297E-02;8,90814E-03;5,09764E-02;5,84633E-02
701;5,62399E-02;9,06819E-03;5,04087E-02;5,66674E-02
702;5,76249E-02;9,38620E-03;5,08416E-02;5,87655E-02
703;5,80962E-02;9,72932E-03;5,28065E-02;5,92706E-02
704;5,92465E-02;1,00480E-02;5,26753E-02;6,05391E-02
705;5,83658E-02;1,03758E-02;5,36466E-02;6,10820E-02
706;5,87196E-02;1,06206E-02;5,36837E-02;6,03245E-02
707;5,98494E-02;1,06374E-02;5,34549E-02;6,15063E-02
708;6,05712E-02;1,11152E-02;5,35861E-02;6,08607E-02
709;6,07015E-02;1,15038E-02;5,37587E-02;6,04929E-02
710;5,98629E-02;1,18373E-02;5,40942E-02;6,15556E-02
711;6,04853E-02;1,19031E-02;5,49343E-02;6,22361E-02
712;6,03134E-02;1,21966E-02;5,35771E-02;6,04561E-02
713;5,97823E-02;1,21940E-02;5,36524E-02;6,04019E-02
714;5,64506E-02;1,21627E-02;5,16888E-02;5,83348E-02
715;5,38196E-02;1,14295E-02;4,81753E-02;5,55147E-02
716;4,83066E-02;1,04922E-02;4,33013E-02;4,87466E-02
717;4,25204E-02;9,43918E-03;3,82341E-02;4,36852E-02
718;3,88543E-02;8,62520E-03;3,40662E-02;4,03841E-02
719;3,88463E-02;8,85580E-03;3,49688E-02;3,88674E-02
720;4,12926E-02;9,79572E-03;3,80142E-02;4,18462E-02
721;4,42031E-02;1,08464E-02;4,04485E-02;4,52954E-02
722;4,55992E-02;1,12102E-02;4,16659E-02;4,62086E-02
723;4,39878E-02;1,09847E-02;3,94147E-02;4,52657E-02
724;4,20974E-02;1,06651E-02;3,79416E-02;4,21328E-02
725;4,09502E-02;1,05728E-02;3,73248E-02;4,15249E-02
726;4,10456E-02;1,07018E-02;3,74256E-02;4,13951E-02
727;4,14914E-02;1,08470E-02;3,73110E-02;4,12769E-02
728;4,17665E-02;1,11585E-02;3,73739E-02;4,26268E-02
729;4,25378E-02;1,14674E-02;3,78946E-02;4,22398E-02
730;4,23120E-02;1,17482E-02;3,89966E-02;4,35032E-02
731;4,55754E-02;1,25844E-02;4,12055E-02;4,63848E-02
732;4,84569E-02;1,36202E-02;4,41772E-02;4,89058E-02
733;5,07918E-02;1,46949E-02;4,74023E-02;5,32184E-02
734;5,30200E-02;1,52611E-02;4,85457E-02;5,36061E-02
735;5,34293E-02;1,53815E-02;4,83395E-02;5,43072E-02
736;5,33257E-02;1,56514E-02;4,88896E-02;5,50047E-02
737;5,37632E-02;1,59415E-02;4,94883E-02;5,46983E-02
738;5,54520E-02;1,65812E-02;5,05186E-02;5,58048E-02
739;5,49872E-02;1,69861E-02;5,26825E-02;5,69365E-02
740;5,71337E-02;1,75139E-02;5,29544E-02;5,74980E-02
741;5,85076E-02;1,74857E-02;5,31628E-02;5,93795E-02
742;5,88379E-02;1,82014E-02;5,42199E-02;5,97566E-02
743;5,92100E-02;1,85717E-02;5,43277E-02;6,07137E-02
744;6,01025E-02;1,88742E-02;5,53063E-02;6,12319E-02
745;6,13240E-02;1,91478E-02;5,58337E-02;6,20072E-02
746;6,03386E-02;1,94575E-02;5,65510E-02;6,17773E-02
747;6,10674E-02;1,91889E-02;5,62917E-02;6,13994E-02
748;6,07098E-02;1,95338E-02;5,56697E-02;6,16552E-02
749;6,08279E-02;1,94407E-02;5,67011E-02;6,21221E-02
750;6,14510E-02;1,96739E-02;5,64639E-02;6,18767E-02
751;6,11915E-02;1,95994E-02;5,62573E-02;6,17094E-02
752;6,10663E-02;1,94791E-02;5,59769E-02;6,16659E-02
753;6,02255E-02;1,97154E-02;5,57832E-02;6,13053E-02
754;5,98141E-02;1,93526E-02;5,48127E-02;6,14655E-02
755;5,87362E-02;1,93842E-02;5,57561E-02;6,05660E-02
756;5,99500E-02;1,93138E-02;5,46554E-02;5,95896E-02
757;5,68625E-02;1,81705E-02;5,21484E-02;5,70695E-02
758;4,89094E-02;1,59886E-02;4,54860E-02;4,95590E-02
759;3,70574E-02;1,20110E-02;3,42043E-02;3,74947E-02
760;2,67690E-02;8,75647E-03;2,45331E-02;2,70128E-02
761;2,16879E-02;7,27706E-03;1,98316E-02;2,21172E-02
762;2,34815E-02;7,40361E-03;2,12936E-02;2,37021E-02
763;2,57795E-02;8,24246E-03;2,34759E-02;2,54237E-02
764;3,08886E-02;9,90752E-03;2,81489E-02;3,14858E-02
765;4,05941E-02;1,34071E-02;3,73690E-02;4,17931E-02
766;5,03347E-02;1,64649E-02;4,64818E-02;5,23981E-02
767;5,71121E-02;1,81614E-02;5,12899E-02;5,68278E-02
768;5,83806E-02;1,88189E-02;5,33113E-02;5,97832E-02
769;6,01397E-02;1,95961E-02;5,46962E-02;6,13382E-02
770;6,26892E-02;1,98963E-02;5,60229E-02;6,19572E-02
771;5,97823E-02;1,99431E-02;5,41144E-02;6,03909E-02
772;5,58625E-02;1,85226E-02;5,12475E-02;5,74209E-02
773;5,50021E-02;1,85710E-02;5,11568E-02;5,63751E-02
774;5,51767E-02;1,84697E-02;5,15103E-02;5,77187E-02
775;5,53818E-02;1,83084E-02;5,03861E-02;5,66068E-02
776;5,48162E-02;1,86032E-02;5,14167E-02;5,64879E-02
777;5,50582E-02;1,86801E-02;5,11231E-02;5,59566E-02
778;5,50063E-02;1,82801E-02;5,10803E-02;5,60660E-02
779;5,52191E-02;1,83749E-02;5,07581E-02;5,66360E-02
780;5,46636E-02;1,82250E-02;5,07802E-02;5,68526E-02
;;;;
;;;;
Name of spectral function;2006-25-EG_80_B.csv;2006-25-EG_80_B.csv;2006-25-EG_80_B.csv;2006-25-EG_80_B.csv
Spectral operation;Multiplication;Multiplication;Multiplication;Multiplication
Wavelength [nm];Ee [W/(sqm*nm)];Ee [W/(sqm*nm)];Ee [W/(sqm*nm)];Ee [W/(sqm*nm)]
300;;;;
301;;;;
302;;;;
303;;;;
304;;;;
305;;;;
306;;;;
307;;;;
308;;;;
309;;;;
310;;;;
311;;;;
312;;;;
313;;;;
314;;;;
315;;;;
316;;;;
317;;;;
318;;;;
319;;;;
320;;;;
321;;;;
322;;;;
323;;;;
324;;;;
325;;;;
326;;;;
327;;;;
328;;;;
329;;;;
330;;;;
331;;;;
332;;;;
333;;;;
334;;;;
335;;;;
336;;;;
337;;;;
338;;;;
339;;;;
340;;;;
341;;;;
342;;;;
343;;;;
344;;;;
345;;;;
346;;;;
347;;;;
348;;;;
349;;;;
350;2,58224E-04;2,62590E-05;9,91064E-05;2,88692E-04
351;1,03297E-04;2,56822E-06;1,43464E-04;1,16160E-04
352;1,92236E-04;-3,14097E-07;1,95343E-04;1,51969E-04
353;2,27090E-04;-1,27202E-07;2,11331E-04;1,16018E-04
354;1,10969E-04;1,64076E-07;1,26577E-04;9,99516E-05
355;7,06051E-05;1,13425E-06;1,48640E-04;9,91793E-05
356;1,92785E-04;7,76682E-06;2,06499E-04;1,53862E-04
357;1,32985E-04;3,26212E-06;1,29053E-04;1,37186E-04
358;1,55290E-04;3,85190E-06;1,63989E-04;1,87206E-04
359;2,18343E-04;-3,97451E-07;1,90127E-04;1,81726E-04
360;1,80988E-04;5,76170E-06;1,56529E-04;2,10621E-04
361;1,73539E-04;1,25780E-06;2,03674E-04;2,05439E-04
362;1,93574E-04;5,43184E-06;1,44364E-04;1,82579E-04
363;2,02207E-04;8,61495E-06;1,89244E-04;2,40624E-04
364;1,90664E-04;1,98651E-06;1,72887E-04;2,27971E-04
365;2,24952E-04;6,09572E-07;1,87664E-04;1,99757E-04
366;1,86595E-04;2,23158E-06;1,79278E-04;2,43763E-04
367;2,17902E-04;4,39240E-06;1,95495E-04;2,17994E-04
368;2,64058E-04;1,83040E-06;1,92573E-04;2,40982E-04
369;2,18486E-04;-1,28084E-06;1,93862E-04;2,40291E-04
370;1,98074E-04;7,02869E-06;1,65615E-04;2,37647E-04
371;2,07154E-04;6,57244E-06;2,06502E-04;2,44704E-04
372;1,93300E-04;1,88745E-06;1,82143E-04;1,94842E-04
373;1,86231E-04;3,83380E-06;1,82411E-04;2,15939E-04
374;2,24846E-04;4,90917E-06;1,85786E-04;1,92066E-04
375;2,17878E-04;2,92021E-06;1,72580E-04;2,32843E-04
376;2,11105E-04;-3,59015E-07;2,05864E-04;2,43784E-04
377;2,45612E-04;3,95025E-06;1,98851E-04;2,45118E-04
378;2,47738E-04;7,07957E-06;2,18047E-04;2,58322E-04
379;2,64790E-04;-2,36336E-07;1,95788E-04;2,72895E-04
380;2,34628E-04;2,49030E-06;2,06343E-04;2,33082E-04
381;2,17898E-04;3,17977E-06;1,91507E-04;2,29131E-04
382;2,35232E-04;3,12167E-07;2,01409E-04;2,30555E-04
383;2,41529E-04;2,87961E-06;2,03041E-04;2,52860E-04
384;2,64326E-04;-4,28880E-07;2,14442E-04;2,46582E-04
385;3,07080E-04;1,98962E-06;2,43709E-04;2,83507E-04
386;3,50740E-04;4,02498E-06;2,77068E-04;3,39593E-04
387;4,22958E-04;2,54106E-07;3,79072E-04;4,47119E-04
388;4,73331E-04;-3,25454E-07;4,15346E-04;5,03270E-04
389;5,72799E-04;5,90207E-06;5,11473E-04;5,98088E-04
390;6,99896E-04;7,96728E-07;5,77529E-04;7,40545E-04
391;8,09976E-04;8,19963E-06;6,73262E-04;7,94542E-04
392;8,45720E-04;4,46130E-06;6,88026E-04;8,69581E-04
393;9,82884E-04;4,43895E-06;8,25949E-04;1,00845E-03
394;1,13711E-03;-5,84459E-07;9,38061E-04;1,16305E-03
395;1,21922E-03;-1,41660E-08;1,12222E-03;1,29595E-03
396;1,58712E-03;1,23904E-06;1,44581E-03;1,68534E-03
397;2,01325E-03;4,73004E-06;1,75548E-03;2,06179E-03
398;2,67719E-03;5,71009E-06;2,33488E-03;2,82315E-03
399;3,35588E-03;2,55319E-05;3,06874E-03;3,62871E-03
400;4,16073E-03;2,14090E-05;3,75844E-03;4,29892E-03
401;5,37902E-03;4,62012E-06;4,78081E-03;5,60251E-03
402;6,13195E-03;3,53154E-05;5,69118E-03;6,37788E-03
403;7,08109E-03;1,09122E-04;6,27881E-03;7,45212E-03
404;8,48480E-03;8,87280E-05;7,30679E-03;8,39994E-03
405;9,29903E-03;2,33028E-04;8,30680E-03;9,26228E-03
406;1,12458E-02;3,24980E-04;9,59329E-03;1,09876E-02
407;1,30417E-02;3,74839E-04;1,18557E-02;1,37759E-02
408;1,52478E-02;5,83563E-04;1,37942E-02;1,55865E-02
409;1,70162E-02;7,16253E-04;1,55583E-02;1,77039E-02
410;1,97817E-02;8,60124E-04;1,77150E-02;1,97052E-02
411;2,44710E-02;1,05616E-03;2,16268E-02;2,50363E-02
412;2,96769E-02;1,95313E-03;2,55350E-02;3,08321E-02
413;3,30653E-02;2,03393E-03;2,98778E-02;3,42092E-02
414;3,93483E-02;2,58935E-03;3,42487E-02;3,99623E-02
415;4,22937E-02;2,93727E-03;3,92894E-02;4,40722E-02
416;4,44723E-02;2,99249E-03;3,97088E-02;4,53388E-02
417;4,49723E-02;3,22212E-03;4,07688E-02;4,55961E-02
418;4,54205E-02;3,66712E-03;4,04579E-02;4,61378E-02
419;4,67570E-02;3,50262E-03;4,22142E-02;4,87480E-02
420;4,95624E-02;4,27722E-03;4,33127E-02;5,09941E-02
421;4,98534E-02;4,09325E-03;4,38973E-02;5,06643E-02
422;4,87992E-02;4,15263E-03;4,46411E-02;5,16524E-02
423;4,96803E-02;3,99630E-03;4,45839E-02;5,12336E-02
424;5,00304E-02;4,10537E-03;4,59385E-02;5,18653E-02
425;5,26842E-02;3,93228E-03;4,71816E-02;5,20056E-02
426;5,24193E-02;4,04172E-03;4,59780E-02;5,07824E-02
427;5,08455E-02;4,31314E-03;4,62968E-02;5,10827E-02
428;4,98690E-02;4,14294E-03;4,42845E-02;5,04501E-02
429;4,79642E-02;4,09966E-03;4,10689E-02;4,72413E-02
430;4,82100E-02;3,75443E-03;4,19160E-02;4,66549E-02
431;4,99341E-02;4,35471E-03;4,52427E-02;5,22090E-02
432;5,40477E-02;4,61339E-03;4,85030E-02;5,56223E-02
433;5,51499E-02;4,61133E-03;5,08435E-02;5,73126E-02
434;5,85513E-02;4,87638E-03;5,21447E-02;5,88021E-02
435;6,08482E-02;4,86650E-03;5,30910E-02;6,25291E-02
436;6,26725E-02;5,10686E-03;5,64521E-02;6,24583E-02
437;6,14969E-02;4,90695E-03;5,51941E-02;6,23753E-02
438;6,10714E-02;5,18485E-03;5,41772E-02;6,12005E-02
439;6,13851E-02;5,09305E-03;5,41402E-02;6,18907E-02
440;6,19742E-02;5,18051E-03;5,53662E-02;6,31397E-02
441;6,27954E-02;5,34750E-03;5,64125E-02;6,41641E-02
442;6,42121E-02;5,09294E-03;5,71477E-02;6,26512E-02
443;6,33427E-02;5,28243E-03;5,74731E-02;6,51093E-02
444;6,30355E-02;5,25039E-03;5,53560E-02;6,38838E-02
445;6,19373E-02;5,10606E-03;5,55796E-02;6,50654E-02
446;6,35235E-02;5,63074E-03;5,65837E-02;6,40379E-02
447;6,68516E-02;5,63588E-03;5,72210E-02;6,73787E-02
448;6,75857E-02;6,10509E-03;6,06321E-02;7,02640E-02
449;7,18462E-02;6,15071E-03;6,39641E-02;7,18978E-02
450;7,24257E-02;6,35003E-03;6,37829E-02;7,43404E-02
451;7,00544E-02;6,49360E-03;6,32103E-02;7,19466E-02
452;6,76186E-02;6,05010E-03;6,01642E-02;6,76051E-02
453;6,54392E-02;5,63542E-03;5,75589E-02;6,49578E-02
454;6,46994E-02;5,61443E-03;5,75661E-02;6,39864E-02
455;6,39363E-02;5,83529E-03;5,64474E-02;6,51676E-02
456;6,12166E-02;5,31480E-03;5,56872E-02;6,31047E-02
457;6,07687E-02;5,46934E-03;5,33483E-02;6,17264E-02
458;5,72242E-02;5,36795E-03;5,12909E-02;5,90468E-02
459;5,68966E-02;4,96625E-03;5,02980E-02;5,60643E-02
460;5,54925E-02;4,84847E-03;4,96275E-02;5,66498E-02
461;5,54678E-02;5,08330E-03;5,01985E-02;5,72529E-02
462;5,49348E-02;4,95652E-03;5,02165E-02;5,55865E-02
463;5,47260E-02;4,99883E-03;4,91911E-02;5,56841E-02
464;5,51807E-02;4,73370E-03;4,85268E-02;5,60668E-02
465;5,77131E-02;5,26844E-03;5,02653E-02;5,90962E-02
466;6,14451E-02;5,49622E-03;5,38071E-02;6,11055E-02
467;6,04239E-02;5,39325E-03;5,30901E-02;6,15247E-02
468;5,56434E-02;4,79429E-03;5,06412E-02;5,71817E-02
469;4,97495E-02;4,69284E-03;4,57125E-02;5,10442E-02
470;4,66695E-02;4,34830E-03;4,16927E-02;4,71224E-02
471;4,32470E-02;3,98662E-03;3,96444E-02;4,39379E-02
472;4,19749E-02;3,99422E-03;3,82821E-02;4,19937E-02
473;4,11321E-02;3,84086E-03;3,69124E-02;4,29465E-02
474;4,08784E-02;4,03988E-03;3,72872E-02;4,12183E-02
475;3,95109E-02;3,63393E-03;3,57423E-02;3,97635E-02
476;3,66569E-02;3,39023E-03;3,37935E-02;3,90519E-02
477;3,46816E-02;3,21530E-03;3,18040E-02;3,58070E-02
478;3,30317E-02;3,08773E-03;2,95002E-02;3,41222E-02
479;3,21346E-02;2,90324E-03;2,91464E-02;3,27284E-02
480;3,06807E-02;2,86416E-03;2,71507E-02;3,18724E-02
481;2,93453E-02;2,76547E-03;2,63097E-02;3,02885E-02
482;2,74342E-02;2,55864E-03;2,42555E-02;2,78336E-02
483;2,53066E-02;2,35900E-03;2,25849E-02;2,56128E-02
484;2,24902E-02;2,07546E-03;2,02656E-02;2,27659E-02
485;1,98211E-02;1,87836E-03;1,80271E-02;2,03915E-02
486;1,84231E-02;1,70267E-03;1,64613E-02;1,88073E-02
487;1,72287E-02;1,64793E-03;1,55243E-02;1,75903E-02
488;1,70661E-02;1,57299E-03;1,52424E-02;1,70252E-02
489;1,61084E-02;1,54977E-03;1,45581E-02;1,66643E-02
490;1,50873E-02;1,45457E-03;1,35652E-02;1,52847E-02
491;1,41480E-02;1,39082E-03;1,32176E-02;1,45034E-02
492;1,35723E-02;1,29499E-03;1,21229E-02;1,36887E-02
493;1,27169E-02;1,22052E-03;1,14293E-02;1,31265E-02
494;1,23950E-02;1,20303E-03;1,11543E-02;1,29791E-02
495;1,29977E-02;1,25444E-03;1,15994E-02;1,31619E-02
496;1,50341E-02;1,47205E-03;1,34289E-02;1,55076E-02
497;1,74359E-02;1,71109E-03;1,52594E-02;1,76759E-02
498;1,69793E-02;1,64046E-03;1,46909E-02;1,70661E-02
499;1,37777E-02;1,37356E-03;1,19972E-02;1,37951E-02
500;9,61034E-03;9,28770E-04;8,40619E-03;9,74573E-03
501;7,46817E-03;7,28172E-04;6,56261E-03;7,48706E-03
502;6,35130E-03;6,51034E-04;5,73536E-03;6,56310E-03
503;5,86143E-03;5,74589E-04;5,38496E-03;5,91459E-03
504;5,51479E-03;5,54663E-04;4,96624E-03;5,71485E-03
505;5,31405E-03;5,45110E-04;4,77762E-03;5,29980E-03
506;5,09280E-03;5,13202E-04;4,61806E-03;5,19343E-03
507;4,82742E-03;4,96581E-04;4,44337E-03;4,95741E-03
508;4,56246E-03;4,73520E-04;4,13362E-03;4,71363E-03
509;4,33856E-03;4,75332E-04;3,94378E-03;4,52491E-03
510;4,19620E-03;4,46928E-04;3,82552E-03;4,34327E-03
511;4,05703E-03;4,32358E-04;3,67079E-03;4,17473E-03
512;3,87362E-03;4,11587E-04;3,51635E-03;3,97899E-03
513;3,96090E-03;4,24211E-04;3,56344E-03;4,04323E-03
514;4,16289E-03;4,59962E-04;3,71565E-03;4,22068E-03
515;4,01016E-03;4,26642E-04;3,60117E-03;3,99072E-03
516;3,54640E-03;3,82088E-04;3,25108E-03;3,62513E-03
517;3,02900E-03;3,33206E-04;2,75976E-03;3,08661E-03
518;2,74400E-03;2,98112E-04;2,52320E-03;2,82004E-03
519;2,66871E-03;3,06424E-04;2,46950E-03;2,66366E-03
520;2,55914E-03;2,98117E-04;2,34769E-03;2,64379E-03
521;2,55595E-03;2,99267E-04;2,29113E-03;2,55321E-03
522;2,42297E-03;2,83683E-04;2,21939E-03;2,46922E-03
523;2,31098E-03;2,79763E-04;2,13093E-03;2,38217E-03
524;2,19448E-03;2,64667E-04;2,00060E-03;2,26395E-03
525;2,08747E-03;2,49498E-04;1,89551E-03;2,13420E-03
526;1,97797E-03;2,42086E-04;1,81332E-03;2,00552E-03
527;1,92442E-03;2,31069E-04;1,73532E-03;1,94339E-03
528;1,86618E-03;2,32498E-04;1,69311E-03;1,87384E-03
529;1,81380E-03;2,24754E-04;1,65945E-03;1,84916E-03
530;1,73166E-03;2,15623E-04;1,58469E-03;1,79408E-03
531;1,65350E-03;2,11103E-04;1,48141E-03;1,69978E-03
532;1,56656E-03;2,00796E-04;1,43699E-03;1,63105E-03
533;1,47869E-03;1,88946E-04;1,33929E-03;1,51430E-03
534;1,45106E-03;1,86601E-04;1,31039E-03;1,49442E-03
535;1,36500E-03;1,79254E-04;1,25774E-03;1,39285E-03
536;1,31021E-03;1,73414E-04;1,20832E-03;1,37635E-03
537;1,24848E-03;1,59673E-04;1,15882E-03;1,29606E-03
538;1,17494E-03;1,55889E-04;1,09885E-03;1,21332E-03
539;1,12735E-03;1,51739E-04;1,01290E-03;1,15111E-03
540;1,04929E-03;1,40190E-04;9,62562E-04;1,08195E-03
541;1,02230E-03;1,31391E-04;9,32792E-04;1,05603E-03
542;9,82999E-04;1,31891E-04;9,09201E-04;1,01766E-03
543;9,57017E-04;1,25854E-04;8,65100E-04;9,70615E-04
544;9,26838E-04;1,19236E-04;8,45342E-04;9,57946E-04
545;9,03031E-04;1,18988E-04;8,21975E-04;9,27976E-04
546;8,67967E-04;1,16847E-04;7,99713E-04;9,06307E-04
547;8,53266E-04;1,17373E-04;7,86608E-04;8,67042E-04
548;8,30501E-04;1,12595E-04;7,58196E-04;8,43119E-04
549;8,39337E-04;1,12533E-04;7,46263E-04;8,37792E-04
550;8,36425E-04;1,10252E-04;7,41779E-04;8,36185E-04
551;8,26736E-04;1,12697E-04;7,46850E-04;8,34334E-04
552;8,10939E-04;1,09927E-04;7,37892E-04;8,23114E-04
553;8,11573E-04;1,07528E-04;7,26358E-04;8,12390E-04
554;8,04642E-04;1,05922E-04;7,20347E-04;8,18380E-04
555;8,10721E-04;1,10451E-04;7,12914E-04;8,35066E-04
556;8,50651E-04;1,14034E-04;7,53728E-04;8,50121E-04
557;8,86855E-04;1,16903E-04;7,93161E-04;8,93965E-04
558;9,23165E-04;1,25156E-04;8,12265E-04;9,34416E-04
559;9,36672E-04;1,25638E-04;8,12918E-04;9,48256E-04
560;9,29180E-04;1,24684E-04;8,06951E-04;9,26748E-04
561;8,97366E-04;1,21449E-04;7,90130E-04;9,03669E-04
562;8,65078E-04;1,14536E-04;7,55946E-04;8,62979E-04
563;8,33384E-04;1,11337E-04;7,26259E-04;8,34614E-04
564;8,19357E-04;1,08951E-04;7,16745E-04;8,18166E-04
565;8,56901E-04;1,11523E-04;7,43463E-04;8,50212E-04
566;1,02119E-03;1,32501E-04;8,80281E-04;1,01025E-03
567;1,25781E-03;1,64099E-04;1,08476E-03;1,24808E-03
568;1,35611E-03;1,77855E-04;1,15599E-03;1,34962E-03
569;1,25933E-03;1,63351E-04;1,07915E-03;1,26262E-03
570;1,00436E-03;1,29715E-04;8,52494E-04;9,89810E-04
571;7,64392E-04;9,69860E-05;6,61055E-04;7,63094E-04
572;6,42329E-04;8,27972E-05;5,54391E-04;6,39723E-04
573;5,79608E-04;7,38869E-05;5,01129E-04;5,75735E-04
574;5,53388E-04;6,93534E-05;4,81434E-04;5,48795E-04
575;5,35056E-04;6,84120E-05;4,65341E-04;5,31987E-04
576;5,34798E-04;6,80591E-05;4,60909E-04;5,32270E-04
577;5,31969E-04;6,83129E-05;4,58425E-04;5,28865E-04
578;5,35078E-04;6,69463E-05;4,57507E-04;5,33561E-04
579;5,35233E-04;6,78848E-05;4,60704E-04;5,39287E-04
580;5,41830E-04;6,83732E-05;4,66643E-04;5,39936E-04
581;5,52309E-04;6,87882E-05;4,71727E-04;5,49631E-04
582;5,61222E-04;6,99704E-05;4,75999E-04;5,56144E-04
583;5,54509E-04;6,88149E-05;4,77540E-04;5,52741E-04
584;5,20370E-04;6,57349E-05;4,45753E-04;5,16685E-04
585;4,47624E-04;5,56740E-05;3,84062E-04;4,48078E-04
586;3,45597E-04;4,30490E-05;2,93671E-04;3,44531E-04
587;2,34546E-04;2,93392E-05;2,00982E-04;2,33404E-04
588;1,50358E-04;1,89040E-05;1,32122E-04;1,52450E-04
589;1,13286E-04;1,44957E-05;1,01647E-04;1,17331E-04
590;1,15282E-04;1,46822E-05;1,03513E-04;1,17185E-04
591;1,51426E-04;1,91688E-05;1,30989E-04;1,53590E-04
592;2,05194E-04;2,52607E-05;1,74572E-04;2,03116E-04
593;2,55685E-04;3,20857E-05;2,18968E-04;2,57760E-04
594;2,92620E-04;3,61739E-05;2,46408E-04;2,92666E-04
595;3,04651E-04;3,76909E-05;2,58330E-04;3,02099E-04
596;3,03797E-04;3,78589E-05;2,58898E-04;3,02118E-04
597;2,94812E-04;3,66996E-05;2,49926E-04;2,91146E-04
598;2,75067E-04;3,49810E-05;2,36211E-04;2,76268E-04
599;2,57883E-04;3,18685E-05;2,20165E-04;2,57772E-04
600;2,40221E-04;2,98490E-05;2,03862E-04;2,36772E-04
601;2,30856E-04;2,91445E-05;1,98254E-04;2,30136E-04
602;2,24474E-04;2,85540E-05;1,92261E-04;2,24686E-04
603;2,19902E-04;2,73221E-05;1,87126E-04;2,16846E-04
604;2,10136E-04;2,63808E-05;1,80365E-04;2,10169E-04
605;2,03372E-04;2,56510E-05;1,73961E-04;2,02191E-04
606;1,97302E-04;2,45839E-05;1,69095E-04;1,95910E-04
607;1,90591E-04;2,39486E-05;1,63820E-04;1,89467E-04
608;1,84079E-04;2,29604E-05;1,57963E-04;1,82368E-04
609;1,76091E-04;2,21191E-05;1,52806E-04;1,77004E-04
610;1,71620E-04;2,14453E-05;1,49541E-04;1,72636E-04
611;1,66692E-04;2,09351E-05;1,43297E-04;1,65370E-04
612;1,63478E-04;2,02224E-05;1,41452E-04;1,62915E-04
613;1,68025E-04;2,07355E-05;1,44273E-04;1,67523E-04
614;1,83103E-04;2,28279E-05;1,56764E-04;1,83855E-04
615;1,95861E-04;2,44530E-05;1,68170E-04;1,95327E-04
616;1,91527E-04;2,38896E-05;1,65259E-04;1,89805E-04
617;1,72773E-04;2,14636E-05;1,48984E-04;1,72887E-04
618;1,53410E-04;1,90517E-05;1,32057E-04;1,52235E-04
619;1,42387E-04;1,73383E-05;1,22379E-04;1,41193E-04
620;1,37538E-04;1,69365E-05;1,19084E-04;1,36070E-04
621;1,32313E-04;1,62620E-05;1,14158E-04;1,32685E-04
622;1,28940E-04;1,59573E-05;1,12515E-04;1,31398E-04
623;1,25962E-04;1,57035E-05;1,08732E-04;1,27563E-04
624;1,24791E-04;1,55637E-05;1,08072E-04;1,25228E-04
625;1,20708E-04;1,48418E-05;1,05553E-04;1,21542E-04
626;1,19794E-04;1,45260E-05;1,02703E-04;1,18112E-04
627;1,15818E-04;1,45024E-05;1,00353E-04;1,17655E-04
628;1,14810E-04;1,41361E-05;9,89664E-05;1,14332E-04
629;1,12312E-04;1,40716E-05;9,83253E-05;1,12676E-04
630;1,10638E-04;1,36776E-05;9,66234E-05;1,11897E-04
631;1,11710E-04;1,38855E-05;9,60612E-05;1,10606E-04
632;1,08338E-04;1,36204E-05;9,51040E-05;1,10068E-04
633;1,07372E-04;1,34404E-05;9,37611E-05;1,07662E-04
634;1,07499E-04;1,32860E-05;9,16057E-05;1,07655E-04
635;1,07012E-04;1,32822E-05;9,25530E-05;1,05870E-04
636;1,05753E-04;1,30065E-05;9,20625E-05;1,07017E-04
637;1,04597E-04;1,32461E-05;9,16539E-05;1,06323E-04
638;1,02827E-04;1,27738E-05;9,08271E-05;1,04542E-04
639;1,01309E-04;1,26027E-05;9,00582E-05;1,02575E-04
640;1,01766E-04;1,23211E-05;8,88758E-05;1,02366E-04
641;1,00017E-04;1,24889E-05;8,76696E-05;1,00864E-04
642;9,85740E-05;1,24316E-05;8,77733E-05;1,00608E-04
643;9,79508E-05;1,22475E-05;8,54774E-05;9,89021E-05
644;9,73928E-05;1,17054E-05;8,41362E-05;9,75178E-05
645;9,47017E-05;1,16139E-05;8,28229E-05;9,47586E-05
646;9,19089E-05;1,11559E-05;8,06813E-05;9,20829E-05
647;9,08824E-05;1,09196E-05;7,81758E-05;9,05292E-05
648;8,94040E-05;1,08514E-05;7,75875E-05;8,87954E-05
649;8,73202E-05;1,05336E-05;7,63817E-05;8,84568E-05
650;8,80223E-05;1,09507E-05;7,65051E-05;8,80337E-05
651;8,71505E-05;1,05554E-05;7,68052E-05;8,82120E-05
652;8,71799E-05;1,05975E-05;7,73157E-05;8,86703E-05
653;8,61435E-05;1,05488E-05;7,59244E-05;8,58650E-05
654;8,56440E-05;1,02806E-05;7,49248E-05;8,57573E-05
655;8,35273E-05;1,01588E-05;7,30102E-05;8,43356E-05
656;8,45840E-05;1,02120E-05;7,35449E-05;8,42469E-05
657;8,30743E-05;1,01217E-05;7,38252E-05;8,48420E-05
658;8,59424E-05;1,02675E-05;7,49243E-05;8,55272E-05
659;8,58004E-05;1,03262E-05;7,50170E-05;8,65828E-05
660;8,46178E-05;1,03558E-05;7,52508E-05;8,60944E-05
661;8,53031E-05;1,06225E-05;7,59262E-05;8,66474E-05
662;8,53404E-05;1,02796E-05;7,45591E-05;8,61808E-05
663;8,48705E-05;1,01754E-05;7,39709E-05;8,60779E-05
664;8,39918E-05;1,01787E-05;7,40320E-05;8,56952E-05
665;8,50267E-05;1,02303E-05;7,44777E-05;8,58803E-05
666;8,48327E-05;1,03575E-05;7,42720E-05;8,40670E-05
667;8,46207E-05;1,02511E-05;7,46708E-05;8,69917E-05
668;8,56023E-05;1,01805E-05;7,45700E-05;8,61436E-05
669;8,49815E-05;1,02941E-05;7,54648E-05;8,67706E-05
670;8,55390E-05;1,02045E-05;7,54481E-05;8,73160E-05
671;8,58152E-05;1,04604E-05;7,50007E-05;8,59594E-05
672;8,48201E-05;1,01805E-05;7,35901E-05;8,71385E-05
673;8,51321E-05;1,01472E-05;7,43455E-05;8,56536E-05
674;8,40070E-05;9,97448E-06;7,30705E-05;8,57013E-05
675;8,35504E-05;1,00809E-05;7,22529E-05;8,36546E-05
676;8,19756E-05;9,93090E-06;7,16272E-05;8,21077E-05
677;8,00429E-05;1,00613E-05;7,12866E-05;8,19298E-05
678;8,01144E-05;9,65104E-06;7,05785E-05;7,91186E-05
679;7,77112E-05;9,72096E-06;6,89193E-05;7,86618E-05
680;7,72073E-05;9,56418E-06;6,81567E-05;7,76860E-05
681;7,46864E-05;9,21562E-06;6,68892E-05;7,79711E-05
682;7,46559E-05;9,43201E-06;6,54334E-05;7,51122E-05
683;7,35993E-05;8,98851E-06;6,45323E-05;7,51674E-05
684;7,11281E-05;8,83444E-06;6,25300E-05;7,18765E-05
685;6,69807E-05;8,13421E-06;5,88073E-05;6,78486E-05
686;6,16966E-05;7,69866E-06;5,51148E-05;6,34604E-05
687;5,84674E-05;7,43154E-06;5,19973E-05;5,98765E-05
688;5,76331E-05;7,37174E-06;5,08211E-05;5,87323E-05
689;5,81564E-05;7,43895E-06;5,17127E-05;5,97780E-05
690;5,99769E-05;7,77034E-06;5,31172E-05;6,08809E-05
691;5,96828E-05;7,89853E-06;5,30042E-05;6,06769E-05
692;5,82332E-05;7,82348E-06;5,20868E-05;6,00242E-05
693;5,86773E-05;7,87722E-06;5,17085E-05;5,88078E-05
694;5,70971E-05;7,97474E-06;5,06945E-05;5,79953E-05
695;5,90478E-05;8,35563E-06;5,31175E-05;6,05622E-05
696;5,99323E-05;8,57581E-06;5,40674E-05;6,04041E-05
697;6,00938E-05;8,91533E-06;5,45934E-05;6,15196E-05
698;5,92790E-05;8,99107E-06;5,33469E-05;6,06097E-05
699;5,77043E-05;8,76115E-06;5,18679E-05;5,86682E-05
700;5,73297E-05;8,90814E-06;5,09764E-05;5,84633E-05
